id,nombre,telefono,gastos,rol,ganancias_anuales
36726010,Donald Griffith,2598219616,17337.41,Gerente,15025.58
27345537,Marissa Ruiz,+1-955-194-7173x667,1825.72,Analista,56900.5
6877424,David Atkins,205.985.7370x0227,1901.26,Ejecutivo,38646.45
70032800,Shannon Vargas,971-015-1686x1651,6440.04,Analista,70983.83
65985289,Charles Hernandez,6126582296,8742.37,Cliente,14245.55
13273067,Mr. Arthur Rocha,206.378.4070x34562,17358.19,Gerente,9122.19
95010447,Jennifer Hernandez,965.248.2709,268.38,Analista,21852.78
2504408,David Robinson,001-087-411-4544,1650.65,Gerente,47963.33
92868641,Tony Gross,021-070-1638,6498.51,Ejecutivo,45713.05
37620683,Jessica Reed,(011)154-6192,4225.94,Analista,55560.89
32852218,April Bruce,8481095118,2589.24,Gerente,41995.02
89238728,Chelsea Ferguson,+1-282-833-5117,18379.49,Analista,31690.39
88882015,Vanessa Marshall,(818)694-1896x773,10438.95,Ejecutivo,52140.11
96182880,Michelle Ellison,574-843-8448,12027.68,Gerente,30484.22
16243501,James Huffman,(432)019-9558,2365.1,Gerente,35470.09
15474412,Scott Larson,+1-852-722-4175x706,11745.01,Cliente,71528.84
3085853,Sarah Fields,+1-037-329-6385,4928.64,Analista,33130.88
30179329,Michael Brown,749.821.5416,19410.12,Analista,57003.92
415028,Savannah Payne,292-739-7623x164,6732.77,Cliente,39713.61
54039949,Daniel Vasquez,(379)512-0937x18542,17638.66,Gerente,24731.47
44309488,William Golden,(426)980-8268,12715.75,Analista,49280.56
4079327,Luke Reed,(929)085-7067x248,19849.68,Ejecutivo,54591.81
34201693,Mark Hernandez,2948086398,13881.34,Gerente,13769.51
52879629,Kevin Collier,(759)577-2976x024,4808.57,Analista,28041.47
29093981,Amy Day,638.040.5918x473,10079.96,Cliente,17141.25
68677356,Kristin Hernandez,001-996-204-6431x4826,9106.71,Analista,63503.25
17601858,Kevin Lee,165-998-0064x3729,5412.78,Gerente,72067.04
30676473,Danielle Rojas,001-530-689-5368x5629,4220.9,Gerente,18225.57
36242744,Terrance Carter,(931)976-5335x3829,3911.78,Gerente,79362.66
72265026,James Fitzpatrick,+1-757-863-0809x8373,7171.62,Gerente,29408.25
6567108,Kendra Robinson,494-618-1567x814,5081.58,Ejecutivo,36932.88
68215549,Miguel Brown,+1-934-131-6932,12620.85,Ejecutivo,50548.78
15793338,Andrea Duran,963.616.3457,5516.32,Gerente,23682.77
88732681,Mr. Justin Williams,(736)592-9597x2272,13472.64,Ejecutivo,45934.92
75676563,Terri Myers,604.909.8995,9173.29,Analista,77874.81
42930434,George Sullivan,+1-505-016-7739x12379,18464.83,Gerente,7365.83
98776336,Amy Williams,896.101.5515,4146.48,Cliente,35930.45
77958798,Wesley Page,001-916-296-9898x8332,10741.84,Cliente,18010.91
98358423,Cynthia Armstrong,(325)289-4048x54116,17541.32,Ejecutivo,61802.5
61584545,Mark Rodriguez,001-772-079-3401x63280,1665.69,Analista,61270.9
42697657,Jeffrey Young,(542)415-4911,9719.33,Cliente,6952.99
94494615,Aaron Graham,001-875-399-5204x2310,14173.64,Gerente,16891.99
23343481,Danielle Gillespie,913.688.8501,6731.41,Gerente,32415.68
7004383,Jennifer Johnson,075-711-5384,2663.56,Cliente,33676.3
54398648,Daniel Mendoza,146-459-5121x278,8002.33,Ejecutivo,43421.32
47687952,Kyle Watts,924.862.2122,7022.99,Cliente,50585.83
26983772,Eric Brown,+1-623-837-7120,14507.99,Cliente,20686.82
39437773,Ashley Miller,+1-869-700-8713x363,6924.72,Gerente,12849.62
38899268,Mia Little,738-214-7674,7735.92,Gerente,32272.15
23726649,Joseph Ford,+1-250-596-2644,19743.11,Analista,58892.34
67813191,Danielle Stevenson,+1-709-042-9577,7922.77,Gerente,57297.0
84166955,Kelly Jacobson,+1-310-917-8726x04574,9973.39,Gerente,18885.04
28055883,Susan Kim,+1-275-133-5854x6113,12847.53,Analista,16670.51
93871491,Courtney Pittman,+1-600-316-7954,6750.01,Cliente,32208.79
97230572,Kathleen Reed,(055)011-4716x405,2115.12,Ejecutivo,8485.3
65524030,Richard Davenport,001-278-685-9948x71043,7455.43,Cliente,7610.35
4369068,Mark Sanders,060-222-2520x808,185.9,Gerente,22934.99
77405557,Dustin Burton,785.754.4825,16606.56,Ejecutivo,27050.47
36273920,Cynthia Shannon,7867012005,13748.96,Cliente,72381.62
91000445,Jason Garcia,040-088-8136x54296,19751.16,Cliente,64163.23
56519912,Jason Thompson,4899375722,352.13,Cliente,30805.05
94348561,Dominique Phillips,+1-396-795-8249x2100,3313.03,Analista,7589.0
89421940,Michael Leonard,6193718462,16873.06,Gerente,25798.27
81381138,John Navarro,772-415-1144x585,10742.55,Gerente,61624.65
28361576,Andrea Cook,(741)528-9950x824,14883.43,Ejecutivo,48975.29
74084243,Brooke Burke,891.682.3273x838,17772.11,Cliente,10581.69
31345506,Tara Holland,901.322.5292x51430,2785.18,Cliente,38091.23
36850412,Cory Jones,(268)728-8013x7060,2869.39,Analista,67586.83
98212181,Jose Curtis,190-774-3029x492,6894.98,Cliente,39407.62
37412780,Anthony Green,0400770925,10810.62,Gerente,11198.53
16953186,Jessica Johnson MD,4785980445,10404.04,Gerente,13579.1
57684964,Kayla Foster,281.673.6540x0131,5099.64,Gerente,60385.95
83499932,Andre Carpenter,+1-329-697-2372,17305.25,Gerente,25332.86
42875272,Danielle Weaver,571-447-7209x3469,15910.69,Analista,49232.19
44617322,Carrie Roberts,+1-589-302-5545x639,11743.95,Gerente,58334.42
88792754,Daniel Perez,843-042-3189,8664.17,Gerente,22554.59
16337563,Daniel Morrow,887.858.5275x663,2608.85,Gerente,36886.16
53671140,Anna Anderson,(540)064-7499x56776,11909.52,Gerente,75019.35
80234257,Laura French,259.329.7249,1179.17,Analista,8022.44
31671817,Cody Hess,(099)349-2969x2875,2619.31,Analista,57360.48
49117523,David Oconnor,(865)917-2949x2926,14760.58,Analista,12158.66
29719880,Joshua Brown,(078)004-8902x89881,10672.67,Cliente,28104.49
31831882,Trevor Oconnor,020.561.8886,14983.02,Cliente,62592.25
37360335,Lori Martinez,(344)037-0052x8560,6200.94,Ejecutivo,71567.14
65643638,Mathew Brown,(610)634-6621,14970.1,Analista,10645.82
61953197,Cheryl Jones,(442)802-5305x1668,1026.21,Analista,25725.87
39163305,Jose Harris,001-357-632-3139x23045,3468.1,Gerente,26810.31
89647490,Rachael Underwood,001-479-710-5730x38284,19911.58,Analista,45202.25
22940327,Shari Smith,113-779-6928x3769,2971.18,Cliente,60470.28
2729021,Daniel Bird,6947811884,10479.04,Ejecutivo,31728.46
86575237,Crystal Ingram,124.660.4154x736,587.31,Ejecutivo,63022.04
1183865,Monica Brown,561-579-2708x761,18419.51,Analista,10377.13
18065121,Haley Leonard,(595)723-1928,5163.39,Ejecutivo,23462.97
35054506,Jesus Taylor,327-556-0232,5264.73,Ejecutivo,53890.94
85451746,Nicholas Johnson,236.519.5028,12230.39,Gerente,68802.37
52308868,Christopher Newton,001-567-622-5004x65677,1532.08,Gerente,37869.3
33507172,Daniel Gibson,756.374.0785,12602.28,Ejecutivo,20848.56
28512315,Melinda Khan,818-928-1223x59472,1550.79,Gerente,9192.0
62027081,Christopher Maldonado,955-587-8284x73306,13448.35,Gerente,43103.07
64913373,Taylor Sanders,277-048-4343,2940.66,Ejecutivo,37253.62
54820246,Andrea Turner,564-890-7806x4391,13854.2,Cliente,57775.99
31831516,Timothy Gibson,(261)987-8288x5410,5877.51,Gerente,10085.02
8114287,Anthony Harding,(989)772-7868x2355,8642.62,Gerente,67417.51
44846397,Joshua Williams,(184)403-6488,16954.53,Analista,64148.19
5011279,Ryan Willis,720.256.5672,13511.13,Analista,70896.0
30255008,Emma Hawkins,595-964-4357x2134,364.89,Ejecutivo,14049.19
17311754,Francis Vance,(154)667-6263,18693.61,Ejecutivo,56308.78
27786635,Stephen Brock,770-122-4249,18245.87,Cliente,71366.75
58270296,Beverly Gay,+1-447-924-6692,8934.62,Gerente,26046.51
29381890,Maureen Hubbard,899.994.9709x7252,10308.64,Gerente,22674.01
31714166,Amanda Wilson,392.413.7713x3436,12512.86,Cliente,11548.7
76322460,Christina Jones,241.859.4678x03635,717.74,Ejecutivo,49102.99
14702432,James Olsen,(305)733-1385x08583,14828.61,Gerente,30256.9
84859074,Steven Lane,+1-661-330-0536,9316.22,Ejecutivo,47519.35
7196176,Terry Jacobs,982-557-7692x114,4345.33,Gerente,55878.4
19940970,Ronald Rowe,730-285-0797x17263,17453.3,Analista,18047.51
40227074,Michael Martin,001-260-037-9227x281,17409.88,Analista,39210.79
34652334,Vanessa Brown,001-143-206-5501x5760,18054.86,Cliente,64038.15
64247327,Maria Chandler,230-739-9629,15330.05,Gerente,24849.42
95377677,Gary Garcia,047.804.5337x6316,11982.37,Ejecutivo,30149.34
4972986,Andrew Wood,001-690-145-8007x09079,9244.19,Analista,19624.1
48256358,Sara Gilmore,(097)613-8538,11724.79,Analista,65984.39
4637264,Mark Mitchell,621.681.7807x86422,15142.37,Gerente,23681.67
45674024,Craig Patrick,001-391-250-6745x4157,6121.08,Ejecutivo,35026.52
13826784,Troy Sanchez,(038)522-1296x041,130.13,Cliente,67047.11
80364250,Eric Schneider,+1-767-124-1508x7944,4775.74,Gerente,26237.21
32566696,Anthony Sawyer,+1-222-241-9871x498,18628.94,Analista,59561.99
86994888,Evelyn Hughes,+1-898-731-3191x1273,5022.76,Analista,27761.68
47754709,Kristi Hale,4315779065,13549.54,Cliente,60625.91
65056406,Roy Cortez,9444613120,10826.69,Analista,25059.06
60920065,Kelly Atkins,+1-304-834-9360x14999,10669.35,Gerente,45421.66
56093516,Darlene Santos,+1-000-948-9190x53708,7488.49,Gerente,38188.45
27995134,Brendan Lee,268-448-2347,7951.77,Cliente,28153.38
4273936,Eric Morgan,001-546-807-4804x3595,909.67,Cliente,26421.6
60147895,Andrea Stein,056.677.7549,3777.96,Ejecutivo,66072.03
18862688,Jacob Martin,+1-191-236-4728x5985,1242.12,Ejecutivo,26883.88
45198042,Amanda Sanchez,001-460-769-3431x35203,6608.4,Analista,13209.95
26765680,Lisa Jackson,+1-747-748-9536,12775.89,Analista,54867.51
65710292,Leslie Spencer,703.481.8858,19106.19,Ejecutivo,35216.23
72731843,Kimberly Lopez,001-697-996-9658x8916,2336.79,Analista,29836.04
91736714,Benjamin Kirby,001-096-789-7895x41473,13151.84,Ejecutivo,66352.47
79836938,Michael Lopez,259.072.9392x57296,8189.51,Gerente,38264.3
15222525,Angela Hendricks,222.122.0422x01270,7074.48,Ejecutivo,32002.24
19827329,Jeremy Johnston,(237)352-5113x8435,6133.52,Ejecutivo,47978.58
94479941,Ashley Burns,9496596717,16091.17,Cliente,7342.71
42501191,Melissa Manning,938.423.5869x65437,16849.7,Gerente,46152.68
70384900,Tara Obrien,(838)060-6451x414,17084.18,Gerente,33448.22
75321201,Jennifer Pratt,278-407-4856,1291.74,Gerente,65781.59
50003411,Sheena Smith,+1-578-709-4510x845,4628.24,Cliente,49122.15
12868274,Christina Wilson,001-497-248-9918,8649.57,Analista,54066.26
20171512,Katelyn Jackson,+1-493-844-1360,1653.3,Ejecutivo,21815.55
87877848,Paula Davis,9761327749,4557.79,Cliente,5558.75
30184852,Evelyn James,001-811-790-8223x0255,10631.49,Ejecutivo,16707.39
53536876,Henry Mcgee,210-455-0932x6535,8965.88,Gerente,18334.34
81831300,Anne Oconnor,001-833-876-4583,17077.53,Cliente,34234.85
23548510,Howard Mueller,(166)510-0006,17690.89,Cliente,20151.22
75453527,Kristopher Kane,(983)768-2298,19850.32,Ejecutivo,24835.85
46994604,Stephen Knight,516.246.4180x186,12445.65,Analista,74173.58
38133321,James Phillips,558.603.7045x31870,1707.88,Analista,72873.42
13064446,Sabrina Porter,+1-753-201-3703x78203,14411.6,Gerente,34001.65
4653712,Troy Graham,102-721-1009x347,16310.63,Analista,48656.88
74002153,Jennifer Bryant,063-400-5427x34702,8357.63,Ejecutivo,34106.59
38642864,Christian Lopez,001-472-914-6711x7737,15909.32,Gerente,8396.6
59220144,Larry Jackson,(559)374-9602x61882,15327.23,Ejecutivo,33454.23
51428533,Jason Walker,085.123.9490,17770.91,Gerente,79454.47
57548258,Amy Rose,001-262-480-7411,6775.13,Gerente,25290.68
21739883,Adrian Armstrong,001-435-574-6286x66495,17378.97,Ejecutivo,51097.59
9302363,Timothy Bailey,404.296.3266,146.12,Analista,54665.66
85418594,Bradley Allen,(657)937-8143x3815,2652.12,Ejecutivo,63532.49
25028059,Matthew Smith,777-216-4688,3216.26,Analista,51646.0
13929296,Jeremy Bell,001-949-223-6402x377,15789.02,Gerente,66785.9
39926886,Chad Fernandez,001-486-042-2766x889,19734.96,Ejecutivo,27589.49
28788555,Madison Harris,659-409-0994x0883,4514.59,Cliente,14210.1
57146037,Sarah Baldwin,+1-754-461-1087,17477.67,Analista,34281.85
8480784,Kathleen Cox,(198)203-1131,10770.68,Ejecutivo,56643.13
63676973,Tyler Perez,601.752.1654,9182.44,Cliente,6069.54
56994585,Tiffany Gallagher,+1-330-574-7249x846,6215.72,Cliente,15650.26
92479387,Michael Allen,511.544.2135x731,11485.28,Analista,33681.03
94806425,Linda Taylor,001-356-632-5522x342,14621.36,Gerente,16249.44
58992409,Russell Day,518.060.3569,14102.58,Cliente,68891.69
6178608,Brian Powell,184-285-2483,15781.9,Ejecutivo,64769.81
86612096,John Brandt,278-739-9062x6434,9655.91,Analista,18648.26
32600218,Nathaniel Anderson,131.796.1715,7501.44,Gerente,67688.5
5733747,Michael Brown,(209)238-7948x86476,1325.57,Cliente,29104.75
66005488,Veronica Hull,(735)723-8776x9646,2461.2,Ejecutivo,38010.04
89191096,Scott Wolf,(618)431-6636x630,7483.7,Ejecutivo,48469.11
65457237,Jennifer Smith,9608428496,5838.01,Cliente,48169.72
17574910,Eric Barr,413-781-9142,15095.62,Cliente,35202.02
32423159,Heather Nichols,968.039.9728,17230.48,Gerente,38768.66
83757499,Kevin Yates,(426)055-8671,9989.23,Analista,34947.27
59591542,Robert Kim,5021996166,10257.38,Gerente,14721.23
35528631,Jeffrey Gomez,001-442-087-0723x574,15631.77,Ejecutivo,26055.73
47093418,Mark Saunders,5116920238,11848.07,Ejecutivo,30042.38
5651450,William Bennett,9471118155,8964.72,Ejecutivo,54039.75
64401858,Douglas Hamilton,001-063-079-6764x88043,3128.78,Gerente,79370.14
47609920,Scott Hodges,241.647.3780x36648,17956.74,Cliente,79174.91
31094283,Austin Jennings,323-624-8799,3735.36,Ejecutivo,15378.11
25379936,Michelle Martinez,001-272-948-3286x94063,10891.3,Analista,77000.14
50244551,Michelle Knight,(342)556-3459,17319.56,Analista,35955.95
76197580,David Johnson,8071979357,245.76,Ejecutivo,74265.48
63749101,Rebecca Wilkins,034.570.8357x682,4562.15,Analista,74940.49
22201583,William Ward,500.445.1028,13860.97,Cliente,54879.99
7750335,Terry Freeman,915-370-3268x025,5617.42,Gerente,54574.96
90777188,Austin Davis,(257)773-9917x347,3751.5,Ejecutivo,68047.34
41362532,Perry Norman,001-877-194-7155x26916,19793.23,Analista,63589.3
36160851,Daniel Willis,972.744.6875x844,4678.33,Gerente,5121.61
58003990,Joe Miller,(907)163-5932,2529.79,Ejecutivo,73226.71
81167783,Matthew Rojas,217.510.6404,6371.47,Cliente,60942.08
39029392,Penny Jones,+1-939-453-9499,18524.32,Ejecutivo,9393.77
73949577,Gregory Hernandez,(982)013-3786x96344,16744.46,Ejecutivo,17950.02
35423094,Brett Erickson,+1-138-920-4030,3459.79,Ejecutivo,54172.15
21268253,Mrs. Katherine Richardson MD,5162428955,4083.12,Ejecutivo,66418.27
86741423,Donna Hicks,007-258-0246,993.4,Cliente,26829.17
90563614,Sandra Bowers,+1-718-024-4219x53129,4565.57,Cliente,7735.36
85348732,Amber Adams,234.210.4002x51138,6993.62,Ejecutivo,77918.1
32822017,Jessica Jones,(718)029-4196x0687,18865.31,Analista,6120.81
47755525,Donna Yang,(099)706-8683x098,11430.92,Analista,72970.1
70859149,Michael Butler,071-105-0558x032,877.65,Ejecutivo,8777.61
70276940,Michael Cortez,+1-494-274-0046x4511,3680.13,Gerente,31615.34
35310946,Kayla Conley,724.012.6338x847,13260.39,Cliente,73316.87
83477506,Nancy Reid,3322027525,11289.91,Ejecutivo,69888.48
84550144,April Levine,920.095.8856,11289.7,Cliente,37782.0
31297347,Michael Thompson,+1-964-814-7524x7896,1765.91,Analista,74818.75
2815031,Nicole Noble,(815)020-1241,10463.18,Cliente,56253.28
51222800,David Williams,001-556-385-8182x16563,6616.05,Ejecutivo,5824.95
54075226,Karen Manning,001-867-940-1352x60224,2777.14,Ejecutivo,27098.99
68727389,Michael Wolfe,(486)424-0183x649,11207.59,Ejecutivo,76567.85
73603012,Vanessa Smith,602-293-7335,19082.03,Ejecutivo,14867.52
4776148,Megan Oliver,940-589-2933x40603,3695.18,Ejecutivo,11754.05
35717000,Adam Stewart,1185324897,5259.19,Cliente,17882.59
21514876,Dean Hess,001-445-080-3566x909,6104.1,Gerente,7507.38
3002242,Ricky Cook,725-608-1420x8799,17337.04,Cliente,33856.02
31480814,Robin Merritt,195.071.1615x8941,14360.23,Cliente,8238.94
37704082,Michael Blake,(121)122-6647x121,10155.95,Cliente,52485.0
61148433,Douglas Jones,374-675-8178x252,7177.74,Cliente,22693.98
69426092,Christopher Stevenson,+1-031-282-4737x92230,2734.13,Analista,42583.94
58039855,Elizabeth Brewer,3331149513,5460.55,Cliente,16841.17
40485143,Loretta Sutton,323.339.8104,8876.8,Gerente,32524.23
18308841,Cassandra Stein,(107)878-2039,5694.28,Cliente,28072.56
80935725,Michael Frank,251-028-8299x0279,13958.25,Ejecutivo,8905.0
51706348,Ashley Fernandez,(123)420-5806,17103.59,Ejecutivo,37692.9
11801554,Christina Ibarra,(024)862-4015x0338,6902.86,Cliente,7917.53
98221841,Robert Jones,381.893.7381x9885,12291.5,Ejecutivo,51915.2
71630621,Tristan Hughes,871-108-9561,283.55,Gerente,71831.67
1831840,Michael Wolfe,(270)663-7302x11826,16137.05,Cliente,41991.73
90543563,Andrea Wilkinson,+1-172-004-1148,3138.35,Cliente,55374.59
2067764,David Schaefer,547-931-1801,10908.08,Gerente,7231.99
1995174,Natasha Martinez,001-374-041-0589x94576,3982.43,Ejecutivo,14292.79
48113148,Jose Ibarra,053-260-9562x407,14375.73,Gerente,79187.14
69813167,Dawn Mendoza,001-005-710-6015,11169.83,Gerente,8587.9
34351538,Hannah Andrews,+1-525-089-4090x645,9034.98,Analista,25164.04
38631512,Miranda Edwards,381-453-2763x5348,7401.54,Gerente,11963.73
94222109,Gary Alexander,893.906.0841x3609,11032.2,Gerente,58047.42
2861549,Krista Miller,677-733-2727x9588,4816.61,Analista,79324.77
45051226,Sara Bennett,(286)763-1229x36297,15706.93,Analista,21349.39
40193800,Linda Malone,(648)064-3149x26990,13280.1,Analista,37119.28
33188114,Benjamin Jones,0055682195,10778.07,Gerente,21942.67
38342747,Joseph Ramos,3157064926,3425.33,Gerente,75411.39
57770726,Derek Benton,+1-270-680-8280x8079,4394.68,Gerente,40967.62
10407177,Adam Ramirez,830.593.9176x65964,8372.56,Gerente,68338.09
75861153,Kenneth Meyer,2458426254,10226.14,Analista,37956.45
23388109,Sierra Farley,(124)087-8902x7636,4606.15,Gerente,50298.48
65265272,Thomas Williamson,207-527-1413,8140.93,Ejecutivo,61697.43
54772874,Hannah Crawford,+1-928-148-3712x370,19383.01,Cliente,58658.83
78445869,Patrick Jennings,(673)613-7554x9410,17841.29,Gerente,49405.14
15491259,John Rhodes,008.047.5436,2326.27,Gerente,26564.84
41994463,Marcus Williamson,8614450431,354.86,Gerente,13961.04
93549519,Samantha Gutierrez,001-842-374-5168x000,1770.62,Cliente,63370.52
32049805,Michael Shaw,001-608-560-9578,15063.59,Ejecutivo,39757.53
66559484,Jose Wallace,+1-052-774-4151x01619,4959.0,Gerente,20759.82
39600680,Keith Shelton,525.532.6030,5200.62,Analista,8783.36
21135321,Gabriel Gardner,001-880-345-2699x9247,10975.62,Gerente,49224.36
58887098,Sandra Mcdonald,001-526-940-3077,9927.61,Cliente,72919.08
49074341,James Baldwin,001-748-799-6777x63779,8105.24,Analista,15478.23
19113816,Angelica Long,+1-572-127-8161x854,7906.61,Ejecutivo,37212.65
10548319,Eric Gutierrez,001-760-717-5759x0884,3956.25,Gerente,16128.09
75664019,Karen Stone,001-667-447-9891x033,19414.64,Cliente,8853.06
29615931,Jennifer Mendez,635-129-6146x62458,9619.24,Gerente,10944.82
34329173,Cristina Farmer,001-204-970-5898,5618.66,Ejecutivo,77630.78
74201254,Valerie Smith,129.256.0378,2888.37,Cliente,16302.64
16457655,Morgan Carrillo,743.933.8015,5718.03,Gerente,40723.47
12581646,Ms. Laura Johnson MD,001-890-224-2755x0873,1240.41,Cliente,62471.06
13244582,Michele Park,606.152.6784x9367,9029.78,Cliente,47205.81
89367492,Austin Hensley,502.024.3277,11874.57,Cliente,41737.01
19489292,Adam King,+1-894-116-5377x4878,2328.06,Analista,26040.86
20756636,Mary Moss,(352)977-6497x957,4385.04,Analista,74495.56
70945124,Daniel Mills,+1-759-932-4888x348,12301.68,Cliente,12741.74
75158941,Jason Garcia,(867)839-0315,18328.55,Ejecutivo,34963.98
29035535,Cindy Brock,006-297-8603,16600.22,Cliente,13120.31
82758223,Richard Medina,(289)288-1086x23052,7149.19,Cliente,79784.55
23665663,Randall Moon,294.236.6010,16239.74,Gerente,56135.84
90504642,Breanna Hart,(404)956-6699x818,12634.08,Ejecutivo,56505.8
20589282,Cody Shaw,528.297.8812,1006.79,Cliente,38858.01
83328384,Amanda Conway,(350)605-8946x250,2591.98,Ejecutivo,17949.61
73383166,James Moore,001-003-650-2848,12214.19,Cliente,50083.26
83422983,Stacey Peterson,001-178-308-2191x3396,3589.33,Cliente,17177.43
91281925,Donna Johnson,927-761-9638x30908,19587.12,Ejecutivo,79492.78
63216340,Danny Davis,846-580-3448x44986,13378.55,Cliente,57609.73
14299632,Amanda Hill,001-449-028-3073x91951,17822.59,Ejecutivo,55561.86
75759469,John Mcdonald,332.266.9572,11989.27,Cliente,16260.04
26760519,Lori Wilkins,235.422.9037x8493,5192.2,Ejecutivo,5797.75
26611606,John Strickland,553.031.7021x9704,10019.56,Ejecutivo,45679.7
51061853,Amy Smith,661.672.9826,7842.64,Cliente,63090.38
71485578,Mary Thompson,001-927-995-6193,11774.2,Cliente,56790.3
61844179,Debbie Fleming,+1-792-647-2051x002,13447.26,Analista,49240.5
33000077,Michael Wall,567.987.7384,19469.32,Ejecutivo,78823.91
16470252,Daniel Washington,+1-787-372-2627x69182,17778.83,Ejecutivo,7310.59
31656512,Sabrina Petersen,001-800-449-2938x716,9647.36,Cliente,24357.8
4134852,Donna Hansen,(390)240-3290,18143.91,Gerente,75091.02
91710503,Adam Beck,(739)521-8188x6713,16800.51,Ejecutivo,7420.68
100381,Sandra Shaw,420-892-7713x16306,4095.25,Ejecutivo,18132.44
58624169,Ray King,(451)543-2306,17975.21,Cliente,31882.36
23868376,Edward Pitts,+1-982-959-0857,8152.39,Ejecutivo,47769.0
2011575,Bradley Thompson,001-465-290-5971x361,10356.12,Gerente,27610.83
96824707,Bethany Riley,001-738-868-6314x78173,11694.36,Cliente,33605.18
6714274,Victoria Tran,6676234546,2829.18,Analista,75658.04
42317097,Devin Phillips,490-774-2480x09328,14398.54,Ejecutivo,78236.41
95050964,Kristin Walker,520.555.1638,18171.19,Gerente,50138.03
48065373,Kimberly Jones,+1-891-357-3458,19429.48,Ejecutivo,9564.31
62107335,Mr. Jonathan Long MD,+1-827-562-6647x333,12390.0,Analista,75905.09
19528908,Cory Rodriguez,(945)901-7192x9346,412.83,Cliente,31497.7
59990244,Garrett Ponce,001-797-871-9569x3915,16703.06,Ejecutivo,40217.12
97748793,Tammy White,517-811-1812,7619.3,Analista,61631.0
92579714,Heather Norris,(813)978-3807,6901.87,Ejecutivo,7696.51
82730324,Andrea Young,763-969-9955x173,16416.28,Ejecutivo,43868.12
11451490,Steven Cooper,212.014.3110x76720,9843.17,Gerente,77844.18
21358061,Robert Petersen,+1-032-136-2277x24785,1100.38,Analista,48161.7
94647904,Nicole Smith,(064)278-7403,12511.16,Analista,41927.81
9819680,Deborah Clark,+1-959-683-5162x03783,9371.62,Gerente,76195.04
16677064,Jordan Hernandez,827-471-1037,17334.09,Gerente,60828.93
49502659,Kelsey Daniels,769-199-5630x5927,7838.19,Cliente,58792.28
59011032,Justin Cantrell,574.852.7701x75255,6688.39,Ejecutivo,74485.35
10683354,Jessica Brown,(571)154-6887x022,8905.52,Analista,42226.13
13731688,Cody Green,183.846.5472,1821.0,Gerente,29340.91
63990305,Miss Heidi Stafford,101-341-5132x61134,1105.65,Analista,23421.42
9065865,Micheal Bright,474.468.5798,14219.23,Gerente,5564.91
53749674,Elijah Smith,(858)984-1675x35704,16159.7,Cliente,68200.65
44642285,Jimmy Swanson,557-970-6132,7529.4,Gerente,35765.25
30591550,Brandon Anderson,(766)466-2615x9574,4162.79,Cliente,41116.94
66050334,Alan Cooper,001-741-986-6557x4953,19050.4,Ejecutivo,15456.55
45232298,Mrs. Melissa Mitchell MD,781-832-7292x206,16201.72,Analista,38888.65
86285779,Melissa Chang,6515753188,16906.44,Gerente,28296.72
43588653,Robert Moran,129.379.8449,4518.84,Analista,45945.0
85901193,Peter Peterson,103-431-3134x9189,15210.56,Gerente,32159.97
20570255,Jeffrey Hammond,001-354-397-3379,15235.05,Ejecutivo,24261.85
98237151,Adam Byrd,438-435-3310x20192,1315.39,Cliente,62357.44
1384446,Margaret Thomas PhD,745-274-5914,16012.11,Gerente,47496.7
84110696,Brianna Schmidt,(263)570-4912,12750.39,Analista,15146.15
94617459,Jillian Gibson,324-415-0313,5295.74,Cliente,6047.44
27623047,Jeremy Navarro,419-258-4066,12523.07,Analista,42817.31
96609039,James Gonzalez MD,402-816-7740,7986.87,Cliente,25766.02
71652664,James Costa,975.725.1735,16075.31,Gerente,29812.78
97461557,Richard George,292-142-9060x8281,3233.4,Gerente,53456.86
29837347,Albert Rodriguez,001-705-022-8747x86660,13453.89,Analista,22826.4
44896237,Kathleen Waller,376-544-4409x6927,16675.94,Analista,25532.85
29009629,Paula Gonzalez,265.349.9819x733,6419.13,Ejecutivo,48335.1
36976134,Jacob Lam,6666902305,19366.09,Analista,65259.23
36604921,Jill Rosario,+1-979-568-1588x9660,15216.68,Gerente,61619.37
476899,Melissa Molina,863-776-0954x39317,18234.78,Analista,23614.81
70964619,Erica Reilly,240-376-6688x70181,9578.97,Ejecutivo,69309.75
8950789,Christopher Gutierrez,711-452-5028,9053.77,Gerente,51415.59
30053101,Michael Green,149-885-2094x63738,8517.49,Analista,48418.07
70695410,Cindy Myers,(473)048-2648x830,5441.66,Analista,71046.92
67360300,Jane Richard,320-211-9109x25482,11461.22,Analista,40945.94
28789249,Thomas Barrera,(059)849-6789x09787,3487.05,Ejecutivo,38224.72
96725606,Caroline Fisher,167-529-0384x839,3849.32,Ejecutivo,19931.8
53117517,Miranda Simon,+1-155-338-7473x3393,1411.8,Analista,62615.86
75613246,Mitchell White MD,+1-863-007-4005x59659,4862.79,Analista,17579.28
60341059,Brian Wu,381-421-8271x91312,13686.45,Cliente,31676.93
57624346,Jessica Hart,476.858.5440x1088,17481.45,Analista,31799.04
82292848,Wendy Schmidt,(310)544-2882x08365,7812.2,Gerente,23967.6
20682960,Joyce Collins,+1-982-585-8565,12778.38,Cliente,41974.94
45612662,Zachary Harding,591-524-4497x54758,13391.58,Cliente,34281.95
4365764,John Hernandez,988.834.3016x28185,1946.52,Cliente,62259.46
67101581,Gina Beck,749.763.1153,16619.82,Cliente,67718.44
96106288,Heidi Sweeney,168-558-8821x023,7877.4,Analista,53326.53
65191044,Amanda Ward,806-699-4037x1166,5334.5,Ejecutivo,32959.09
28279358,Sean Diaz,204-331-0202,19452.23,Ejecutivo,28606.11
90443088,Dr. Dylan Harris,+1-056-346-0142,19451.33,Ejecutivo,35805.82
66674757,Kenneth Williams,+1-578-155-4153x0775,11331.96,Ejecutivo,29958.0
52784215,Kathy Day,651.184.1773,1955.76,Cliente,14480.28
10828437,Darryl Mcpherson,766.691.3970,7228.0,Cliente,73825.44
89540066,George Humphrey,508.646.8064,18515.4,Analista,42784.22
44077234,Jennifer Dickerson,439.719.5731x904,11144.63,Gerente,48107.68
31975721,Krista Stanley,001-608-217-2375x29285,12879.39,Gerente,23000.61
30855070,Joseph Williams,+1-239-333-7074x2257,6527.44,Gerente,40424.39
11502055,Daniel Benton,(200)474-4945x442,6393.58,Analista,64028.06
28092648,Stephanie Davenport,+1-798-663-3387,13625.72,Cliente,60892.52
65153144,Yolanda Reynolds,793-244-3359,8615.9,Ejecutivo,11996.5
96542140,Heidi Wilson,160.926.3521,11668.09,Analista,19283.49
37679901,Rick Mercado,(945)050-6788,3684.96,Gerente,74446.24
80481560,Eric Barnett,(800)683-2567,7855.61,Ejecutivo,52760.87
58811279,Michael Cruz,0111123091,16308.34,Cliente,8087.94
53058202,Brady Mendoza,+1-161-588-4041x045,17395.57,Gerente,12541.37
94311535,Susan Jones,975-868-1981x9643,739.06,Analista,40909.91
3696358,Blake Parker,364-658-9663x982,9169.11,Analista,13823.44
82744044,Jennifer Davis,475-552-3007,9101.72,Ejecutivo,40443.02
38461807,Linda Wagner,(068)295-4818x009,16131.26,Gerente,6553.08
74454502,Deborah Andrews,001-539-873-4279,4953.41,Gerente,52322.64
9587971,Dr. Patricia Johnson,+1-867-681-5404x86024,2367.51,Cliente,12293.38
24225,Julia Mitchell,785.069.5154x020,9659.21,Ejecutivo,66994.78
82714380,Patricia Jacobs,(353)743-2917,5696.29,Ejecutivo,42535.57
56906998,Bethany Lang,(937)515-9980,5441.9,Cliente,70691.81
84194889,Shawn Snyder,001-494-772-8755,11509.33,Analista,10441.49
39669973,Tyler Harvey,075-113-1434x812,15727.09,Cliente,10573.46
50662034,Lisa Nielsen,001-180-730-1154x5264,2976.03,Ejecutivo,34288.64
82128776,Julia Baker,001-345-410-7320x627,7204.26,Gerente,63040.55
92522509,Nicole Hernandez,001-981-737-3240x65414,10142.16,Analista,39152.07
19008277,Katherine Mccoy,(234)582-9557x7624,15334.89,Gerente,62826.95
1422572,Shawn Johnson,206.231.1629,12513.42,Gerente,70424.67
30926732,Tony Middleton,758.370.4378,174.81,Ejecutivo,62542.21
10569501,Michelle Sims,850-138-1674x682,16403.03,Gerente,24859.11
92112099,Wanda Stevens,(758)788-0563,16836.82,Analista,52053.68
43027658,Benjamin Gregory,+1-939-633-9923x21323,6581.91,Analista,57734.53
38283511,Christopher James,063.639.8043x24259,7901.22,Analista,66388.02
27649095,Laura Smith,(065)060-6695,10397.16,Cliente,19603.51
10441243,Tiffany Perez,731.155.9400,5617.38,Gerente,50092.01
49262166,Jacob Harrison,120-736-5461,9768.98,Ejecutivo,29443.4
9724617,Sue Saunders,2055453230,4228.66,Cliente,54060.79
95814377,Elizabeth Patel,(590)827-4633,16057.64,Gerente,62500.01
108113,Crystal Burton,239-960-3781,12137.79,Cliente,44472.5
84309638,Randy Mitchell,568.289.2407x5100,8732.18,Ejecutivo,22370.44
46832415,Jacob Sims,9449831137,4313.57,Gerente,47343.85
34973979,Robin Webster,+1-675-778-0149,5045.48,Gerente,44543.03
34602864,Jonathon Brown,213-340-9613,18857.72,Analista,33440.09
27632045,Holly Bullock,001-157-678-6513x92408,5014.96,Ejecutivo,54971.03
2005500,Matthew Johnson,040-092-7321x6212,7926.93,Gerente,30393.85
89006993,Vicki Hart,704-462-9735x63975,172.92,Analista,38984.21
87089962,Mrs. Virginia Garcia MD,+1-918-754-3784x3635,4054.14,Cliente,32873.38
85426941,Richard Gallagher,(551)424-6162,18121.23,Gerente,26320.14
77262739,Rhonda Palmer,001-604-838-2184,12897.68,Gerente,34975.94
96942611,Jacob Ayers,001-841-306-3345x37899,4860.32,Gerente,74748.18
85239853,Carlos Ellis,001-869-676-3481,19514.87,Analista,53952.52
62699837,Janet Combs,(824)626-7383,12954.04,Ejecutivo,11465.7
58588559,Heidi Brown,001-055-712-9799x84152,5334.14,Cliente,64189.49
40392840,Connie Dunn,001-315-162-2742,6942.61,Cliente,41528.83
72977001,Raymond Reed,848-927-6604,10120.15,Analista,78790.25
23193331,Katherine Mcgrath,072.341.9403x517,5910.23,Cliente,56198.45
44528123,Larry Arias,6088369524,14954.95,Analista,33713.04
35804982,Michael Wise,001-791-482-5255x93836,8822.69,Gerente,48822.3
71058841,Tammy Fletcher,001-407-127-6394,6844.9,Ejecutivo,33976.5
72370709,Matthew Rios,816-776-7624,11080.59,Analista,16990.7
53591220,Cody Cooper,(142)059-9865,19392.61,Analista,22668.34
55187934,Amanda Jones,976-538-6019x5802,4812.79,Analista,48105.14
25820092,Samuel Perez,001-519-273-3381x85618,3155.19,Analista,45186.43
49403092,Ashley Smith,449-494-7033x80278,8249.42,Cliente,39116.6
30227448,Ms. Madeline Ortiz,(778)116-8433,18459.12,Analista,58931.75
37176111,Joseph Meyer,9051773353,19915.3,Analista,75552.03
94215782,Spencer Lopez,001-084-728-1481,4659.43,Cliente,72880.46
14712898,Anthony Vaughn,278-971-9399x548,9886.78,Gerente,22775.65
1811832,Mark Doyle,001-446-600-0499x352,17563.7,Gerente,15333.47
67540336,Jessica Harvey,665-282-9504x39083,14919.85,Analista,53621.56
65193608,Morgan Hill,669.475.5247x722,3074.12,Gerente,39276.51
75908103,Jordan Russell,1294872510,1541.27,Analista,51054.7
1605146,Kayla Horton,001-282-032-8707x96551,3799.49,Ejecutivo,78406.3
93491767,Steven Pope,310.266.3176x0754,3113.08,Cliente,73167.04
70869835,Justin Cordova,(845)121-6746x7457,11872.04,Cliente,61980.32
7934113,Jacob Franklin,132-385-2913,19446.2,Cliente,72816.65
80805243,Zachary Nelson,+1-853-482-6185x28527,6605.07,Gerente,26881.94
77084132,Marie Williamson,741-180-6035x09690,3224.18,Gerente,53812.88
79975437,Crystal Smith,699.885.7184x120,1981.28,Gerente,15518.82
73227994,Pamela Thompson,180.702.8471,6293.13,Analista,26945.49
82709069,Emily Farmer,(372)794-3133x77852,1145.8,Analista,56271.67
86456630,Scott Cole,(479)920-8596x97822,8342.32,Analista,56420.44
17024748,Ralph Pittman,704-204-4599x886,19920.9,Ejecutivo,7752.2
71105686,Adam Allen,786-816-7006,13478.62,Cliente,14075.33
54539332,Rachel Mitchell,220.231.2429x87836,4348.32,Cliente,11504.58
52099533,Jessica Fox,(807)371-8481x4083,7485.55,Analista,26171.45
54392572,Marisa Robles,+1-390-471-4987,3593.32,Analista,39463.37
55746713,Anthony Robinson,(627)602-9153x9943,3900.05,Gerente,39655.89
54418665,Sandra Roberson,001-861-104-6552x37600,15765.15,Cliente,52289.74
47195693,Ellen Johnson,657-052-6819,3604.03,Gerente,14128.56
15263271,Anthony Long,001-086-658-1407x82471,16610.06,Cliente,51096.03
77639003,Willie Patel,267.737.1252x033,8176.74,Analista,66832.38
977998,Wanda Hernandez,533.132.6943x076,19565.39,Cliente,41153.56
37511359,Antonio Garrett,094-388-3574x80476,1134.97,Cliente,21793.48
27887629,Gregg Cole,318-326-5422x3667,4389.53,Ejecutivo,24102.59
42610605,Louis Fitzgerald,844.874.3681x0558,16874.44,Cliente,62785.98
79005838,Marisa Allen,+1-557-149-7881x946,2232.51,Ejecutivo,33108.83
53470530,Jacqueline Smith,515-287-6049,9636.1,Gerente,49364.84
66644541,Brittany Flowers,+1-451-030-7938,5404.08,Analista,57054.63
96240593,Jeremiah Smith,984-882-5629,16845.41,Gerente,45707.31
89501470,Jennifer Trevino,300.377.3478,16077.27,Cliente,67947.11
50191880,Betty Baker,897.446.0990x9825,5302.41,Gerente,70945.16
28102426,Nicole Lowe,+1-730-425-6863,345.11,Gerente,47674.79
45609622,Benjamin Reilly,222-158-4032x1637,5211.33,Analista,76791.73
43992710,Mrs. April Reynolds,(120)815-5831x69614,1899.78,Gerente,32881.51
52225952,Jesse Pacheco,743-179-6901x0984,8369.11,Analista,59950.41
18034608,Adam Perry,+1-389-706-2364x0812,13805.09,Ejecutivo,79414.42
97977529,Clarence Romero,502-407-5504x72609,8777.79,Cliente,26503.94
5292299,Erica Morgan,0820223113,13793.28,Ejecutivo,13636.6
87175169,Adriana Johnson,001-518-104-9030x618,18141.84,Cliente,28700.72
38620395,Christopher Yang,761.321.4243,17133.93,Gerente,20403.83
49732273,Timothy Griffin,(047)483-3924x58017,14612.3,Ejecutivo,76623.02
47090705,Ariel Hernandez,549.226.0163x1256,16270.82,Ejecutivo,7772.47
62933267,Brian Taylor,+1-645-057-2514,19693.36,Ejecutivo,47432.7
42846235,Debra Sharp,868.471.8562x71434,6014.48,Analista,30937.28
60979767,Christopher Blair,+1-992-053-8098x77996,1739.74,Ejecutivo,10551.12
436475,Cathy Patterson,001-950-564-7320,13483.66,Cliente,63458.39
98761733,Nicole Roberts,001-002-911-7712x6223,12002.65,Cliente,17724.54
3159597,Tim Blair,(679)323-2180,4923.78,Ejecutivo,30923.75
50840583,Michael Galloway,5400443376,8952.34,Ejecutivo,66586.57
79637448,Justin Arroyo,(426)554-0823x535,14350.58,Ejecutivo,8640.24
60862774,Brenda Chavez,281-462-5675x22693,5905.92,Gerente,61545.53
40929994,Elizabeth Gray,652.360.2702x676,13270.44,Gerente,55104.48
79825522,Paul Andrews,724-176-2553x398,18382.99,Gerente,74794.93
33123285,Jeanette Fritz,001-128-274-9072x8758,16154.28,Analista,40133.58
29956481,Joshua Chapman,0594195228,1899.88,Ejecutivo,57543.33
44447492,John Fowler,(635)893-9656x2034,19440.54,Analista,41520.58
39198683,Justin Martinez,996-308-2297x72144,14182.24,Cliente,16579.61
6817165,Yolanda Morales,+1-244-280-3131,12177.04,Analista,21440.71
45275412,John Hughes,948-634-6806,12670.55,Cliente,56286.82
4302871,Michael Hudson,820-128-1340x311,10988.21,Analista,75154.06
91425017,Michael Wallace,0269726281,17303.13,Gerente,9705.9
21839239,Benjamin Hendricks,(314)031-7338x2651,6433.43,Cliente,19122.57
81791324,Brandon Burns,748.169.9670x967,16600.74,Cliente,62914.73
67335880,Bridget Palmer,+1-343-442-0618x2605,10125.35,Cliente,21890.87
787462,Cynthia Roth,848-432-9181x767,2605.76,Analista,60809.96
87920203,Aaron Flores,943.126.5246x713,2236.61,Cliente,17856.9
34258496,Angela Brown,(369)390-3225,17552.21,Cliente,34013.65
36502222,Jennifer Whitehead,160.152.9613,3231.53,Gerente,75719.03
93674417,Tyler Flores,001-077-687-0774x7162,12834.36,Analista,60136.88
44471299,Jessica Elliott,001-556-181-0671x6924,7071.11,Cliente,31313.88
10946015,Kimberly Patel,001-095-298-6660x81407,5365.17,Ejecutivo,17805.3
11054735,Scott Garcia,001-691-819-3758x62633,13808.17,Ejecutivo,10054.38
14946303,Jessica Turner,+1-954-149-9959x380,17197.64,Analista,51103.99
31644237,Carol Smith,(226)625-7781x8245,10302.9,Cliente,57322.53
67159000,Shelly Jones,(611)128-9584,2850.38,Cliente,63059.64
65493900,Melanie Collins,976.959.0468x7191,6476.47,Cliente,79591.97
98475925,Walter Bennett,(187)022-6368,19914.45,Cliente,16359.74
29947671,Regina Walton,772.710.3787,11462.96,Cliente,9986.45
14781677,Roger Roberts,001-085-982-3612x023,11888.92,Cliente,47037.52
96970708,Melanie Blair,7416665363,5423.73,Cliente,21589.38
2004640,Patrick Jarvis MD,001-442-754-1418x8364,3519.59,Gerente,21822.18
40763044,Christopher Andrade,660.653.7914,12867.19,Cliente,68190.87
39777359,Jerome Jackson,+1-198-261-8339x975,4902.56,Ejecutivo,15597.71
4821049,Casey Hernandez,8754228642,16989.72,Gerente,21687.87
52002294,Michael Rivers,+1-324-721-4663x492,13607.88,Analista,47816.3
38109397,Douglas Hall,536.800.8223,391.52,Cliente,55362.2
51974406,Tyler Massey,(180)176-7036x629,8207.58,Analista,32225.08
50796844,Joseph Perez,(139)752-6200x209,17681.37,Gerente,65827.26
15049924,Andrew Cummings,001-249-128-4024x7467,16636.44,Ejecutivo,55121.54
88040220,Kim Beasley,032-203-2328,2113.15,Analista,22417.75
73155984,Jennifer Ruiz,001-942-283-0423x029,12621.61,Cliente,40052.05
68709004,Nicole Sims,001-826-229-6103,15350.35,Cliente,68912.61
18703024,Ashley Peters,1907649516,10807.27,Cliente,62624.4
33793245,Joseph Kennedy,+1-849-104-2682x73390,13798.26,Analista,44458.41
4590522,Jonathan Barnes,(954)137-6185x57734,19124.41,Cliente,21754.94
88185011,Jorge Jackson,(669)904-4803x0399,10946.16,Ejecutivo,70947.9
70997442,Tony Hodges,5442360777,7432.74,Cliente,31246.57
12717563,Melissa Zimmerman,919-898-4760x737,10509.85,Analista,30445.68
83960174,Amy Ruiz,001-886-352-6145x1198,19923.15,Ejecutivo,56795.0
17432305,Scott Cunningham,048.472.5175x7255,14115.05,Gerente,79938.19
87271360,Marissa Nash,001-764-849-1607x1919,13387.05,Analista,72687.71
95251196,Kelly Reid,+1-848-076-1871,5082.34,Ejecutivo,62430.91
71632531,Eric Vasquez,655.137.1008x6596,5857.75,Gerente,46048.0
39502232,Miss Amanda Pacheco,663-660-8855x8642,8683.14,Ejecutivo,41586.26
19221619,Michael Stewart,+1-459-310-0135,14454.47,Analista,9063.8
21253904,Katherine Hudson,237.350.9343x73327,12473.46,Ejecutivo,49759.22
60433688,Madison Johnson,278-386-0644x271,19852.72,Analista,17045.87
75973976,Mary Vega MD,(625)894-9174x82270,9228.58,Gerente,63097.49
14462007,Jacob Hester,280.222.6295x713,9417.59,Gerente,48232.92
19721152,Terry Odonnell,001-691-726-2144x0762,1935.12,Cliente,21638.28
97517624,Jessica Ferrell,833-430-1216x0040,8011.66,Gerente,57192.75
53318496,Douglas Davis,+1-052-614-6118x04454,8377.34,Gerente,47408.55
64508279,Mr. Wayne Vincent,236-639-7788,17587.48,Ejecutivo,68111.68
29858270,Shannon Davidson,5404623815,10876.54,Cliente,6504.9
37067623,Steven Collins,179.110.9909,5176.47,Analista,66248.7
52740404,Sherri Shea,912.553.1003x4394,4051.31,Analista,27051.83
62189020,Russell Kim,001-773-451-2721,10328.82,Analista,48062.09
40259037,Cristina Wolfe,(080)677-3820x60778,2053.08,Cliente,56959.35
37683669,James Wallace,(958)844-6127,14930.75,Ejecutivo,59254.52
49507138,Jacob Carpenter,(818)546-9916,14540.91,Ejecutivo,76155.15
53527719,Shawn Arnold,687.984.2928,17269.66,Ejecutivo,36400.65
9545139,Erin Torres,001-697-925-3330,2919.24,Gerente,58868.44
23612333,Colton Valenzuela,570.108.3228x1352,7599.27,Gerente,40421.77
80665700,Carol Nolan,(324)403-2316,13495.65,Cliente,9798.65
44854534,Vicki Barker,7725734628,940.82,Gerente,9324.68
43229920,Dawn Warren,001-270-210-4905,7847.59,Gerente,17607.43
84803241,Cheyenne Powell,3659601584,19126.94,Analista,44673.39
34906856,Shannon Church,001-945-212-6481,14721.71,Cliente,51269.74
47279033,Steve Ballard,+1-767-359-1168x65731,3933.76,Gerente,10793.97
96422745,Todd Morgan,250.968.3619,8857.42,Gerente,60643.86
17394259,Steven Jones,+1-155-635-5194,2234.44,Ejecutivo,72724.3
83669338,Melanie White,994.963.3251,15107.0,Gerente,46959.02
94177241,Ashley Scott,651-942-3718,16461.61,Cliente,56665.82
81226891,Mr. Carlos Marshall,(197)255-3918x98032,19567.41,Ejecutivo,72810.7
64583755,David Brown,373.621.0765,12906.6,Cliente,20785.3
42483753,Mr. George Hopkins,(862)417-1710x49004,13611.6,Ejecutivo,20561.06
72900954,Cynthia Williams,2255211501,8169.86,Ejecutivo,62151.58
78173680,Crystal Hawkins,955.474.2218x1637,3497.52,Gerente,60494.49
76389898,Andrew Larson,4752128461,13866.3,Gerente,61567.04
28413309,Adam Reynolds,001-747-704-2689x341,8035.61,Cliente,39052.27
57655319,Patricia Cruz,642.020.7676x695,12514.03,Cliente,45388.62
56372472,Robert Harmon,629-960-0347x193,3253.6,Ejecutivo,58345.69
92980395,Julian Lawson,001-344-657-0864x7473,9435.95,Gerente,37155.54
19373481,Steven Hall,001-619-951-1953,17023.5,Analista,18898.42
57183836,Brandon Cooke,+1-697-417-6898x96294,7000.72,Gerente,19390.64
78979917,Daniel Andrews,801-888-7055x93760,14736.18,Cliente,19069.7
92409374,Andrea Smith,784-483-2965,8782.29,Cliente,45003.18
